Lima.14|953268|BONIF: CEREAL ANGEL COPIX*120GR||||||||||1|0|0|0|0
Lima.14|952927|BONIF: CEREAL ANGEL COPIX EN BARRA*6UND*22GR||||||||||1|0|0|0|0
Lima.14|952929|BONIF: CEREAL ANGEL ZUCK EN BARRA*6UND*22GR||||||||||1|0|0|0|0
Lima.14|952930|BONIF: (M) CEREAL ANGEL FRUTT*30UND*140GR||||||||||1|0|0|0|0
Lima.14|952931|BONIF: CEREAL ANGEL FRUTT*1 UND*20 GR||||||||||1|0|0|0|0
Lima.14|952932|BONIF: CEREAL ANGEL FRUTT*1 UND*20 GR||||||||||1|0|0|0|0
Lima.14|953292|BONIF: CEREAL ANGEL COPIX*12UND*18GR||||||||||1|0|0|0|0
Lima.14|952812|BONIF: CEREAL ANGEL CHOCOBON*140GR||||||||||1|0|0|0|0
Lima.14|952813|BONIF: CEREAL ANGEL FRUTT*1 UND*20 GR||||||||||1|0|0|0|0
Lima.14|952814|BONIF: CEREAL ANGEL FRUTT*1 UND*20 GR||||||||||1|0|0|0|0
Lima.14|952815|BONIF: CEREAL ANGEL FRUTT*1 UND*20 GR||||||||||1|0|0|0|0
Lima.14|952934|BONIF: CEREAL ANGEL FRUTT * 1 UND * 135 GR||||||||||1|0|0|0|0
Lima.14|953452|BONIF: CEREAL ANGEL TITO ALMOHADA*18GR||||||||||1|0|0|0|0
Lima.14|953453|BONIF: CEREAL ANGEL TITO ALMOHADA*18GR||||||||||1|0|0|0|0
Lima.14|952943|BONIF: CEREAL ANGEL FRUTT*12UND*20GR||||||||||1|0|0|0|0
Lima.14|952944|BONIF: CEREAL ANGEL COPIX EN BARRA*1UND*22GR||||||||||1|0|0|0|0
Lima.14|952946|BONIF: (M) CEREAL ANGEL FRUTT*30UND*135GR||||||||||1|0|0|0|0
Lima.14|953518|BONIF: CEREAL ANGEL NATURA HOJUELITAS*20GR||||||||||1|0|0|0|0
Lima.14|953436|BONIF: CEREAL ANGEL COPIX*18GR||||||||||1|0|0|0|0
Lima.14|953437|BONIF: CEREAL ANGEL COPIX*18GR||||||||||1|0|0|0|0
Lima.14|953109|BONIF: (M) CEREAL ANGEL COPIX*180UND*18GR||||||||||1|0|0|0|0
Lima.14|952806|BONIF: CEREAL ANGEL FLAKES*20GR||||||||||1|0|0|0|0
Lima.14|952807|BONIF: CEREAL ANGEL FLAKES*20GR||||||||||1|0|0|0|0
Lima.14|145084|CEREAL ANGEL CHOCK*140GR||||||||||0|0|0|0|0
Lima.14|145085|CEREAL ANGEL MEL*140GR||||||||||0|0|0|0|0
Lima.14|145086|CEREAL ANGEL FRUTT*140GR||||||||||0|0|0|0|0
Lima.14|145002|CEREAL ANGEL BLANQUIRROJO*12UND*22GR||||||||||0|0|0|0|0
Lima.14|145003|CEREAL ANGEL BLANQUIRROJO*110GR||||||||||0|0|0|0|0
Lima.14|145005|CEREAL ANGEL MEL*12UND*20GR||||||||||0|0|0|0|0
Lima.14|145006|CEREAL ANGEL FRUTT*12UND*20GR||||||||||0|0|0|0|0
Lima.14|145007|CEREAL ANGEL ZUCK*6UND*55GR||||||||||0|0|0|0|0
Lima.14|145008|CEREAL ANGEL COPIX*6UND*55GR||||||||||0|0|0|0|0
Lima.14|145052|CEREAL ANGEL COPIX*12UND*20GR||||||||||0|0|0|0|0
Lima.14|955424|BONIF: CEREAL ANGEL COPIX*120GR||||||||||1|0|0|0|0
Lima.14|145087|CEREAL ANGEL ALFA & BETO*140GR||||||||||0|0|0|0|0
Lima.14|145088|CEREAL ANGEL FULL CHOCK*140GR||||||||||0|0|0|0|0
Lima.14|145089|CEREAL ANGEL MAGIX*140GR||||||||||0|0|0|0|0
Lima.14|145090|CEREAL ANGEL FLAKES*150GR||||||||||0|0|0|0|0
Lima.14|145091|CEREAL ANGEL ZUCK*150GR||||||||||0|0|0|0|0
Lima.14|145092|CEREAL ANGEL FIBRA CON SALVADO*150GR||||||||||0|0|0|0|0
Lima.14|145093|CEREAL ANGEL CHOCOZUCK*150GR||||||||||0|0|0|0|0
Lima.14|145120|CEREAL ANGEL FLAKES*300GR||||||||||0|0|0|0|0
Lima.14|145121|CEREAL ANGEL ZUCK*300GR||||||||||0|0|0|0|0
Lima.14|145009|CEREAL ANGEL ZUCK*12UND*20GR||||||||||0|0|0|0|0
Lima.14|955423|BONIF: CEREAL ANGEL COPIX*18GR||||||||||1|0|0|0|0
Lima.14|951122|BONIF: CEREAL ANGEL ZUCK*20GR||||||||||1|0|0|0|0
Lima.14|145012|CEREAL ANGEL TITO ALMOHADA*12UND*18GR||||||||||0|0|0|0|0
Lima.14|145004|CEREAL ANGEL CHOCK*12UND*20GR||||||||||0|0|0|0|0
Lima.14|951870|BONIF: EXHIBIDOR GIRATORIO||||||||||1|0|0|0|0
Lima.14|951871|BONIF: EXHIBIDOR MESA PARED||||||||||1|0|0|0|0
Lima.14|952551|BONIF: CEREAL ANGEL ZUCK*20 GR||||||||||1|0|0|0|0
Lima.14|952552|BONIF: CEREAL ANGEL ZUCK*20 GR||||||||||1|0|0|0|0
Lima.14|951876|BONIF: CEREAL ANGEL COPIX*180UND*20GR||||||||||1|0|0|0|0
Lima.14|951736|BONIF: CEREAL ANGEL COPIX CHOCOLATE*20GR||||||||||1|0|0|0|0
Lima.14|145095|(M) CEREAL ANGEL COPIX*180UND*18GR||||||||||0|0|0|0|0
Lima.14|952679|BONIF: CEREAL ANGEL FRUTT*180UND*20GR||||||||||1|0|0|0|0
Lima.14|951923|BONIF: CEREAL ANGEL FRUTT*30UND*140GR||||||||||1|0|0|0|0
Lima.14|145096|(M) CEREAL ANGEL FLAKES*180UND*20GR||||||||||0|0|0|0|0
Lima.14|145097|(M) CEREAL ANGEL CHOCK*30UND*135GR||||||||||0|0|0|0|0
Lima.14|145098|(M) CEREAL ANGEL ZUCK*30UND*140GR||||||||||0|0|0|0|0
Lima.14|145099|(M) CEREAL ANGEL MELI*30UND*135GR||||||||||0|0|0|0|0
Lima.14|145100|(M) CEREAL ANGEL MELI*180UND*20GR||||||||||0|0|0|0|0
Lima.14|145101|(M) CEREAL ANGEL FLAKES*30UND*140GR||||||||||0|0|0|0|0
Lima.14|145102|(M) CEREAL ANGEL FRUTT*30UND*135GR||||||||||0|0|0|0|0
Lima.14|952345|BONIF: (M) CEREAL ANGEL ZUCK*30UND*140GR||||||||||1|0|0|0|0
Lima.14|145073|CEREAL ANGEL LIFE MULTIGRAIN*12UND*20GR||||||||||0|0|0|0|0
Lima.14|145072|CEREAL ANGEL LIFE FIBRA*12UND*22GR||||||||||0|0|0|0|0
Lima.14|112080|AVENA  ANGEL HOJUELAS INSTANT.*4UND*100GR||||||||||0|0|0|0|0
Lima.14|145010|CEREAL ANGEL CHOCO TITO ALMOHADA*12UND*15GR||||||||||0|0|0|0|0
Lima.14|145037|(M) CEREAL ANGEL COPIX*72UND*55GR||||||||||0|0|0|0|0
Lima.14|145011|CEREAL ANGEL PEPE ALMOHADA*12UND*18GR||||||||||0|0|0|0|0
Lima.14|145013|CEREAL ANGEL FRESIA ALMOHADA*12UND*18GR||||||||||0|0|0|0|0
Lima.14|145014|CEREAL ANGEL FITO ALMOHADA*12UND*18GR||||||||||0|0|0|0|0
Lima.14|145015|CEREAL ANGEL FRUTILLA  ALMOHADA*12UND*18GR||||||||||0|0|0|0|0
Lima.14|145022|(M) CEREAL ANGEL FLAKES*180UND*22GR||||||||||0|0|0|0|0
Lima.14|145023|(M) CEREAL ANGEL ZUCK*180UND*22GR||||||||||0|0|0|0|0
Lima.14|145024|(M) CEREAL ANGEL MEL*180UND*22GR||||||||||0|0|0|0|0
Lima.14|145025|(M) CEREAL ANGEL CHOCK*180UND*20GR||||||||||0|0|0|0|0
Lima.14|145026|(M) CEREAL ANGEL FRUTT*180UND*22GR||||||||||0|0|0|0|0
Lima.14|145027|(M) CEREAL ANGEL COPIX*180UND*22GR||||||||||0|0|0|0|0
Lima.14|145028|(M) CEREAL ANGEL ALFA & BETO*180UND*22GR||||||||||0|0|0|0|0
Lima.14|145029|(M) CEREAL ANGEL MAGIX*180UND*22GR||||||||||0|0|0|0|0
Lima.14|145030|CEREAL ANGEL CHOCO TITO ALMOHADA*100GR||||||||||0|0|0|0|0
Lima.14|145031|CEREAL ANGEL PEPE ALMOHADA*110GR||||||||||0|0|0|0|0
Lima.14|145032|CEREAL ANGEL TITO ALMOHADA*110GR||||||||||0|0|0|0|0
Lima.14|145033|CEREAL ANGEL FRESIA ALMOHADA*110GR||||||||||0|0|0|0|0
Lima.14|145034|CEREAL ANGEL FITO ALMOHADA*110GR||||||||||0|0|0|0|0
Lima.14|145035|(M) CEREAL ANGEL BLANQUIRROJO*180UND*22GR||||||||||0|0|0|0|0
Lima.14|145036|(M) CEREAL ANGEL ZUCK*72UND*55GR||||||||||0|0|0|0|0
Lima.14|145044|(M) CEREAL ANGEL MEL*30UND*140GR||||||||||0|0|0|0|0
Lima.14|145045|(M) CEREAL ANGEL CHOCK*30UND*140GR||||||||||0|0|0|0|0
Lima.14|145046|(M) CEREAL ANGEL FRUTT*30UND*140GR||||||||||0|0|0|0|0
Lima.14|951076|BONIF: CEREAL ANGEL ZUCK*180UND*22GR||||||||||1|0|0|0|0
Lima.14|145038|(M) CEREAL ANGEL FRESIA ALMOHADA*30UND*110GR||||||||||0|0|0|0|0
Lima.14|145039|(M) CEREAL ANGEL TITO ALMOHADA*30UND*110GR||||||||||0|0|0|0|0
Lima.14|145040|(M) CEREAL ANGEL PEPE ALMOHADA*30UND*110GR||||||||||0|0|0|0|0
Lima.14|145041|(M) CEREAL ANGEL BLANQUIRROJO*30UND*110GR||||||||||0|0|0|0|0
Lima.14|145042|(M) CEREAL ANGEL COPIX*30UND*120GR||||||||||0|0|0|0|0
Lima.14|145043|(M) CEREAL ANGEL SEMILLITAS*30UND*120GR||||||||||0|0|0|0|0
Lima.14|145047|(M) CEREAL ANGEL ALFA & BETO*30UND*140GR||||||||||0|0|0|0|0
Lima.14|145048|(M) CEREAL ANGEL FLAKES*30UND*150GR||||||||||0|0|0|0|0
Lima.14|145049|(M) CEREAL ANGEL ZUCK*30UND*150GR||||||||||0|0|0|0|0
Lima.14|145050|CEREAL ANGEL BEBE DURAZNO*12UND*15GR||||||||||0|0|0|0|0
Lima.14|145051|CEREAL ANGEL BEBE VAINILLA*12UND*15GR||||||||||0|0|0|0|0
Lima.14|145054|CEREAL ANGEL ZUCK*12UND*22GR||||||||||0|0|0|0|0
Lima.14|145055|CEREAL ANGEL CHOCK*12UND*22GR||||||||||0|0|0|0|0
Lima.14|145056|CEREAL ANGEL MEL*12UND*22GR||||||||||0|0|0|0|0
Lima.14|145057|CEREAL ANGEL MAX*12UND*22GR||||||||||0|0|0|0|0
Lima.14|145058|CEREAL ANGEL FRUTT*12UND*22GR||||||||||0|0|0|0|0
Lima.14|145059|CEREAL ANGEL FIBRA CON SALVADO*12UND*22GR||||||||||0|0|0|0|0
Lima.14|145060|CEREAL ANGEL ALFA & BETO*12UND*22GR||||||||||0|0|0|0|0
Lima.14|145061|CEREAL ANGEL CHOCOZUCK*12UND*22GR||||||||||0|0|0|0|0
Lima.14|145062|CEREAL ANGEL MAGIX*12UND*22GR||||||||||0|0|0|0|0
Lima.14|145063|(M) CEREAL ANGEL FIBRA CON SALVADO*30UND*150GR||||||||||0|0|0|0|0
Lima.14|145080|CEREAL ANGEL BEBE DURAZNO*75GR||||||||||0|0|0|0|0
Lima.14|145081|CEREAL ANGEL BEBE VAINILLA*75GR||||||||||0|0|0|0|0
Lima.14|145082|CEREAL ANGEL COPIX*120GR||||||||||0|0|0|0|0
Lima.14|145083|CEREAL ANGEL MAX*130GR||||||||||0|0|0|0|0
Lima.14|951050|BONIF: CEREAL ANGEL ZUCK*12UND*20GR||||||||||1|0|0|0|0
Lima.14|951255|BONIF: CEREAL ANGEL ZUCK*20GR (SO)||||||||||1|0|0|0|0
Lima.14|950189|BONIF: CEREAL ANGEL ZUCK*20GR||||||||||1|0|0|0|0
Lima.14|145001|CEREAL ANGEL SEMILLITAS*120GR||||||||||0|0|0|0|0
Lima.14|145000|CEREAL ANGEL SEMILLITAS*12UND*22GR||||||||||0|0|0|0|0
Lima.14|145118|CEREAL ANGEL NATURA HOJUELITAS*12UND*20GR||||||||||0|0|0|0|0
Lima.14|145119|CEREAL ANGEL NATURA HOJUELITAS*140GR||||||||||0|0|0|0|0
Lima.14|145122|CEREAL ANGEL NATURA SEMILLITAS*12UND*20GR||||||||||0|0|0|0|0
Lima.14|145123|CEREAL ANGEL NATURA SEMILLITAS*120GR||||||||||0|0|0|0|0
Lima.14|953521|BONIF: CEREAL ANGEL COPIX*18GR||||||||||1|0|0|0|0
Lima.14|953522|BONIF: CEREAL ANGEL COPIX*18GR||||||||||1|0|0|0|0
Lima.14|145124|(M) CEREAL ANGEL NATURA HOJUELITAS*180UND*20GR||||||||||0|0|0|0|0
Lima.14|145125|(M) CEREAL ANGEL NATURA HOJUELITAS*30UND*140GR||||||||||0|0|0|0|0
Lima.14|145126|(M) CEREAL ANGEL NATURA SEMILLITAS*180UND*20GR||||||||||0|0|0|0|0
Lima.14|145127|(M) CEREAL ANGEL NATURA SEMILLITAS*30UND*120GR||||||||||0|0|0|0|0
Lima.14|145074|CEREAL ANGEL COPIX*12UND*18GR||||||||||0|0|0|0|0
Lima.14|145103|(M) CEREAL ANGEL FRUTT*180UND*20GR||||||||||0|0|0|0|0
Lima.14|145104|(M) CEREAL ANGEL ZUCK*180UND*20GR||||||||||0|0|0|0|0
Lima.14|145105|(M) CEREAL ANGEL COPIX EN BARRA*16DIS*6UND*22GR||||||||||0|0|0|0|0
Lima.14|145106|(M) CEREAL ANGEL ZUCK EN BARRA*16DIS*6UND*22GR||||||||||0|0|0|0|0
Lima.14|145107|(M) CEREAL ANGEL LIFE MULTIGRAIN*180UND*20GR||||||||||0|0|0|0|0
Lima.14|145108|(M) CEREAL ANGEL LIFE FIBRA*180UND*22GR||||||||||0|0|0|0|0
Lima.14|145110|CEREAL ANGEL CHOCOBON*12UND*20GR||||||||||0|0|0|0|0
Lima.14|145111|CEREAL ANGEL CHOCOBON*140GR||||||||||0|0|0|0|0
Lima.14|145112|(M) CEREAL ANGEL CHOCOBON*180UND*20GR||||||||||0|0|0|0|0
Lima.14|145113|(M) CEREAL ANGEL CHOCOBON*30UND*140GR||||||||||0|0|0|0|0
Lima.14|145070|CEREAL ANGEL COPIX EN BARRA*6UND*22GR||||||||||0|0|0|0|0
Lima.14|145075|CEREAL ANGEL CHOCK*135GR||||||||||0|0|0|0|0
Lima.14|145076|CEREAL ANGEL ZUCK*140GR||||||||||0|0|0|0|0
Lima.14|145077|CEREAL ANGEL MELI*135GR||||||||||0|0|0|0|0
Lima.14|145078|CEREAL ANGEL MELI*12UND*20GR||||||||||0|0|0|0|0
Lima.14|145079|CEREAL ANGEL FLAKES*140GR||||||||||0|0|0|0|0
Lima.14|145094|CEREAL ANGEL FRUTT*135GR||||||||||0|0|0|0|0
Lima.14|952533|BONIF: CEREAL ANGEL ZUCK*1UND*20GR||||||||||1|0|0|0|0
Lima.14|952534|BONIF: CEREAL ANGEL ZUCK*1UND*20GR||||||||||1|0|0|0|0
Lima.14|145068|CEREAL ANGEL FLAKES*12UND*20GR||||||||||0|0|0|0|0
Lima.14|145069|(M) CEREAL ANGEL FLAKES*180UND*20GR||||||||||0|0|0|0|0
Lima.14|145071|CEREAL ANGEL ZUCK EN BARRA*6UND*22GR||||||||||0|0|0|0|0
Lima.14|952537|BONIF: CEREAL ANGEL FRESIA ALMOHADA*18GR||||||||||1|0|0|0|0
Lima.14|952612|BONIF: CEREAL ANGEL ZUCK*140GR||||||||||1|0|0|0|0
Lima.14|952538|BONIF: CEREAL ANGEL FRESIA ALMOHADA*180UND*18GR||||||||||1|0|0|0|0
Lima.14|145067|(M) CEREAL ANGEL CHOCOZUCK*180UND*22GR||||||||||0|0|0|0|0
Lima.14|952232|BONIF: CEREAL ANGEL COPIX*30UND*120GR||||||||||1|0|0|0|0
Lima.14|145109|(M) CEREAL ANGEL COPIX*180UND*20GR||||||||||0|0|0|0|0
Lima.14|951268|BONIF: (M) CEREAL ANGEL ZUCK*30UND*150GR||||||||||1|0|0|0|0
Lima.14|145066|(M) CEREAL ANGEL MAX*30UND*130GR||||||||||0|0|0|0|0
Lima.14|145053|CEREAL ANGEL FLAKES*12UND*22GR||||||||||0|0|0|0|0
Lima.14|145019|(M) CEREAL ANGEL FRESIA ALMOHADA*180UND*18GR||||||||||0|0|0|0|0
Lima.14|951146|BONIF: CEREAL ANGEL COPIX*12UND*20GR||||||||||1|0|0|0|0
Lima.14|951815|BONIF: CEREAL ANGEL ZUCK*180UND*20GR||||||||||1|0|0|0|0
Lima.14|145020|(M) CEREAL ANGEL PEPE ALMOHADA*180UND*18GR||||||||||0|0|0|0|0
Lima.14|145021|(M) CEREAL ANGEL TITO ALMOHADA*180UND*18GR||||||||||0|0|0|0|0
Lima.14|145064|(M) CEREAL ANGEL SEMILLITAS*180UND*22GR||||||||||0|0|0|0|0
Lima.14|952337|BONIF: CEREAL ANGEL  ZUCK*140GR||||||||||1|0|0|0|0
Lima.14|145065|(M) CEREAL ANGEL MAX*180UND*22GR||||||||||0|0|0|0|0
Lima.14|955255|BONIF: (M) CEREAL ANGEL CHOCK*30UND*135GR||||||||||1|0|0|0|0
Lima.14|955072|BONIF: CEREAL ANGEL ZUCK*20 GR||||||||||1|0|0|0|0
Lima.14|955073|BONIF: CEREAL ANGEL COPIX*30UND*120GR||||||||||1|0|0|0|0
Lima.14|145132|CEREAL ANGEL NATURA CHISPITAS*12UND*18GR||||||||||0|0|0|0|0
Lima.14|145133|CEREAL ANGEL NATURA CHISPITAS*130GR||||||||||0|0|0|0|0
Lima.14|955093|BONIF: CEREAL ANGEL COPIX*180UND*18GR||||||||||1|0|0|0|0
Lima.14|954145|BONIF: CEREAL ANGEL NATURA SEMILLITAS*20GR||||||||||1|0|0|0|0
Lima.14|955267|BONIF: CEREAL ANGEL PEPE ALMOHADA*18GR||||||||||1|0|0|0|0
Lima.14|953573|BONIF: CEREAL ANGEL CHOCK*20GR||||||||||1|0|0|0|0
Lima.14|955268|BONIF: (M) CEREAL ANGEL CHOCK*180UND*20GR||||||||||1|0|0|0|0
Lima.14|145130|(M) CEREAL ANGEL NATURA ESTRELLITAS*180UND*18GR||||||||||0|0|0|0|0
Lima.14|145131|(M) CEREAL ANGEL NATURA ESTRELLITAS*30UND*130GR||||||||||0|0|0|0|0
Lima.14|953785|BONIF: CEREAL ANGEL FRUTT*135GR||||||||||1|0|0|0|0
Lima.14|954113|BONIF: CEREAL ANGEL NATURA ESTRELLITAS*130GR||||||||||1|0|0|0|0
Lima.14|954114|BONIF: CEREAL ANGEL NATURA SEMILLITAS*120GR||||||||||1|0|0|0|0
Lima.14|954115|BONIF: CEREAL ANGEL NATURA HOJUELITAS*140GR||||||||||1|0|0|0|0
Lima.14|953866|BONIF: CEREAL ANGEL CHOCK*135GR||||||||||1|0|0|0|0
Lima.14|954045|BONIF: CEREAL ANGEL PEPE ALMOHADA*18GR||||||||||1|0|0|0|0
Lima.14|954046|BONIF: CEREAL ANGEL PEPE ALMOHADA*18GR||||||||||1|0|0|0|0
Lima.14|954047|BONIF: CEREAL ANGEL PEPE ALMOHADA*18GR||||||||||1|0|0|0|0
Lima.14|954048|BONIF: CEREAL ANGEL PEPE ALMOHADA*18GR||||||||||1|0|0|0|0
Lima.14|954049|BONIF: (M) CEREAL ANGEL PEPE ALMOHADA*180UND*18GR||||||||||1|0|0|0|0
Lima.14|955158|BONIF: CEREAL ANGEL PEPE ALMOHADA*180UND*18GR||||||||||1|0|0|0|0
Lima.14|145128|CEREAL ANGEL NATURA ESTRELLITAS*12UND*18GR||||||||||0|0|0|0|0
Lima.14|145129|CEREAL ANGEL NATURA ESTRELLITAS*130GR||||||||||0|0|0|0|0
Lima.14|953862|BONIF: (M) CEREAL ANGEL MELI*180UND*20GR||||||||||1|0|0|0|0
Lima.14|953412|BONIF: CEREAL ANGEL NATURA SEMILLITAS*12UND*20GR||||||||||1|0|0|0|0
Lima.14|954018|BONIF: CEREAL ANGEL CHOCK*20GR||||||||||1|0|0|0|0
Lima.14|953905|BONIF: CEREAL ANGEL NATURA ESTRELLITAS*18GR||||||||||1|0|0|0|0
Lima.14|953574|BONIF: CEREAL ANGEL CHOCK*20GR||||||||||1|0|0|0|0
Lima.14|953575|BONIF: CEREAL ANGEL CHOCK*20GR||||||||||1|0|0|0|0
Lima.14|953576|BONIF: CEREAL ANGEL CHOCK*20GR||||||||||1|0|0|0|0
Lima.14|953577|BONIF: (M) CEREAL ANGEL CHOCK*180UND*20GR||||||||||1|0|0|0|0
Lima.14|953787|BONIF: CEREAL ANGEL CHOCOBON*20GR||||||||||1|0|0|0|0
Lima.14|953788|BONIF: CEREAL ANGEL CHOCOBON*20GR||||||||||1|0|0|0|0
Lima.14|953789|BONIF: CEREAL ANGEL CHOCOBON*20GR||||||||||1|0|0|0|0
Lima.14|953790|BONIF: CEREAL ANGEL CHOCOBON*20GR||||||||||1|0|0|0|0
Lima.14|953791|BONIF: (M) CEREAL ANGEL CHOCOBON*180UND*20GR||||||||||1|0|0|0|0
